ONTOLOGY,ID,Description,GeneRatio,BgRatio,pvalue,p.adjust,qvalue,geneID,Count
BP,GO:0007600,sensory perception,54/783,392/12848,1.282151862981988e-8,3.131477410808348e-5,2.9529606989026338e-5,SNAI2/TRPM5/PAX2/RDH8/SLC26A4/ABCC6/BDKRB1/CHRNA4/SLC52A3/OXT/HTR2A/HOMER2/RP1/RAB3A/CXCL12/TECTA/TULP1/SOBP/IAPP/GJA3/HOXD1/NMUR2/ZFHX2/TFAP2A/GUCA1C/LUM/GABRB2/SLC24A2/KIT/AZGP1/RTP3/ADGRV1/OTOGL/SCNN1G/SCN11A/SCNN1B/UGT2A1/OR13D1/PCARE/OR2T29/OR5P2/OR2T34/LRIT3/OR2T10/OR2G6/OR2T3/TRPV1/CNGA1/RORB/OR2T5/OR2A5/OR2A12/OR2A25/OR2T11,54
BP,GO:0034765,regulation of ion transmembrane transport,54/783,398/12848,2.1779092944046148e-8,3.131477410808348e-5,2.9529606989026338e-5,RASGRF1/WNK1/GNB5/PTPN3/TRPM5/CACNA1S/NOS1/CAPN3/CBARP/HCN2/BDKRB1/CA2/GRIA3/DPP6/KCNC3/LACRT/KCNH3/SCN2A/SCN7A/STAC2/DLG2/KCNK13/SCN3A/CACNA2D3/KCNJ6/KCNJ9/LRRC52/PM20D1/KLF15/KCNK5/WNK2/SLC43A2/SCN11A/PCSK9/KCNG3/KCNH6/KCNG2/ITLN1/ADIPOQ/KCNB2/TRDN/TPCN1/NPSR1/KCNJ11/GPR89B/CACNA1H/WNK3/SCN8A/PLCG2/CACNA1E/ARC/STIMATE/PIRT/STRIT1,54
BP,GO:0035725,sodium ion transmembrane transport,26/783,124/12848,2.2188078017064347e-8,3.131477410808348e-5,2.9529606989026338e-5,SLC4A8/WNK1/SLC6A16/PTPN3/ATP12A/NOS1/HCN2/SLC9A2/SCN2A/SCN7A/SHROOM2/SCN3A/SLC24A2/SLC6A20/SLC6A18/WNK2/SCNN1G/SCN11A/SCNN1B/PCSK9/SLC9C1/SLC9A4/TPCN1/CACNA1H/WNK3/SCN8A,26
BP,GO:0034762,regulation of transmembrane transport,54/783,402/12848,3.0760709010528073e-8,3.2560210487643964e-5,3.070404454656131e-5,RASGRF1/WNK1/GNB5/PTPN3/TRPM5/CACNA1S/NOS1/CAPN3/CBARP/HCN2/BDKRB1/CA2/GRIA3/DPP6/KCNC3/LACRT/KCNH3/SCN2A/SCN7A/STAC2/DLG2/KCNK13/SCN3A/CACNA2D3/KCNJ6/KCNJ9/LRRC52/PM20D1/KLF15/KCNK5/WNK2/SLC43A2/SCN11A/PCSK9/KCNG3/KCNH6/KCNG2/ITLN1/ADIPOQ/KCNB2/TRDN/TPCN1/NPSR1/KCNJ11/GPR89B/CACNA1H/WNK3/SCN8A/PLCG2/CACNA1E/ARC/STIMATE/PIRT/STRIT1,54
BP,GO:0006813,potassium ion transport,26/783,149/12848,1.0134624628014222e-6,8.582000135002443e-4,8.092764466117463e-4,ABCC8/WNK1/ATP12A/NOS1/HCN2/HTR2A/SLC9A2/DPP6/KCNC3/KCNH3/KCNK13/SLC24A2/KCNJ6/KCNJ9/LRRC52/KCNK5/WNK2/KCNG3/SLC9C1/KCNH6/KCNG2/SLC9A4/KCNB2/KCNJ11/WNK3/KCNMB2,26
BP,GO:0006814,sodium ion transport,28/783,173/12848,1.8762690207031187e-6,0.0012917369027190073,0.0012180986182067956,SLC4A8/WNK1/SLC6A16/PTPN3/ATP12A/NOS1/HCN2/SLC9A2/SCN2A/SCN7A/SHROOM2/SCN3A/SLC24A2/SLC5A11/SLC6A20/SLC6A18/WNK2/SCNN1G/SCN11A/SCNN1B/PCSK9/SLC9C1/SLC9A4/TPCN1/CACNA1H/WNK3/SCN8A/SLC10A5,28
BP,GO:0071805,potassium ion transmembrane transport,24/783,136/12848,2.1356065940087506e-6,0.0012917369027190073,0.0012180986182067956,ABCC8/WNK1/ATP12A/HCN2/SLC9A2/DPP6/KCNC3/KCNH3/KCNK13/SLC24A2/KCNJ6/KCNJ9/LRRC52/KCNK5/WNK2/KCNG3/SLC9C1/KCNH6/KCNG2/SLC9A4/KCNB2/KCNJ11/WNK3/KCNMB2,24
BP,GO:0099537,trans-synaptic signaling,54/783,473/12848,5.618339352636724e-6,0.002973506102382986,0.0028039948900725124,BAIAP3/SYT7/SLC4A8/RASGRF1/CAMK2B/RIMBP2/CADPS2/NOS1/GABRP/SYNGR1/CHRNA4/OXT/SYP/HTR2A/ZDHHC2/RAB3A/GRIK5/NCS1/BCHE/DLGAP3/CHRNB4/DBH/GAD1/DGKB/UNC13C/CBLN2/IGSF11/GABRB2/NTRK2/HTR3B/DLG2/GRID2/CNTNAP4/SLC24A2/KIF5A/KIT/TPRG1L/CLSTN2/BSN/NPY5R/RAC3/DLGAP1/CEL/NRXN1/ADIPOQ/SYN3/HTR3E/PCLO/ERC2/TRPV1/CACNA1E/ARC/INSYN1/CORT,54
BP,GO:0007268,chemical synaptic transmission,53/783,466/12848,7.661560997201814e-6,0.003243904926215248,0.0030589790381459455,BAIAP3/SYT7/SLC4A8/RASGRF1/CAMK2B/RIMBP2/CADPS2/GABRP/SYNGR1/CHRNA4/OXT/SYP/HTR2A/ZDHHC2/RAB3A/GRIK5/NCS1/BCHE/DLGAP3/CHRNB4/DBH/GAD1/DGKB/UNC13C/CBLN2/IGSF11/GABRB2/NTRK2/HTR3B/DLG2/GRID2/CNTNAP4/SLC24A2/KIF5A/KIT/TPRG1L/CLSTN2/BSN/NPY5R/RAC3/DLGAP1/CEL/NRXN1/ADIPOQ/SYN3/HTR3E/PCLO/ERC2/TRPV1/CACNA1E/ARC/INSYN1/CORT,53
BP,GO:0098916,anterograde trans-synaptic signaling,53/783,466/12848,7.661560997201814e-6,0.003243904926215248,0.0030589790381459455,BAIAP3/SYT7/SLC4A8/RASGRF1/CAMK2B/RIMBP2/CADPS2/GABRP/SYNGR1/CHRNA4/OXT/SYP/HTR2A/ZDHHC2/RAB3A/GRIK5/NCS1/BCHE/DLGAP3/CHRNB4/DBH/GAD1/DGKB/UNC13C/CBLN2/IGSF11/GABRB2/NTRK2/HTR3B/DLG2/GRID2/CNTNAP4/SLC24A2/KIF5A/KIT/TPRG1L/CLSTN2/BSN/NPY5R/RAC3/DLGAP1/CEL/NRXN1/ADIPOQ/SYN3/HTR3E/PCLO/ERC2/TRPV1/CACNA1E/ARC/INSYN1/CORT,53
BP,GO:0006816,calcium ion transport,38/783,297/12848,1.1113116150861565e-5,0.004277539434795261,0.0040336889531309,CAMK2B/ATP2B3/TRPC7/GNB5/TRPM5/CACNA1S/NOS1/CAPN3/CBARP/BDKRB1/CHRNA4/EPPIN/HTR2A/HOMER2/NCS1/CXCL12/TRPV5/FAM155B/NMUR2/LACRT/PLCZ1/STAC2/SLC25A25/SLC24A2/CACNA2D3/CCL19/GRAMD2A/TRDN/TPCN1/NPSR1/CACNA1H/WNK3/TRPV1/PLCG2/CACNA1E/PLPP4/STIMATE/STRIT1,38
BP,GO:0099536,synaptic signaling,54/783,488/12848,1.3920741963521483e-5,0.004911701789462496,0.004631699497161139,BAIAP3/SYT7/SLC4A8/RASGRF1/CAMK2B/RIMBP2/CADPS2/NOS1/GABRP/SYNGR1/CHRNA4/OXT/SYP/HTR2A/ZDHHC2/RAB3A/GRIK5/NCS1/BCHE/DLGAP3/CHRNB4/DBH/GAD1/DGKB/UNC13C/CBLN2/IGSF11/GABRB2/NTRK2/HTR3B/DLG2/GRID2/CNTNAP4/SLC24A2/KIF5A/KIT/TPRG1L/CLSTN2/BSN/NPY5R/RAC3/DLGAP1/CEL/NRXN1/ADIPOQ/SYN3/HTR3E/PCLO/ERC2/TRPV1/CACNA1E/ARC/INSYN1/CORT,54
BP,GO:0007606,sensory perception of chemical stimulus,18/783,96/12848,1.6752760628509174e-5,0.005456245269315988,0.005145200086148607,TRPM5/AZGP1/RTP3/SCNN1G/SCNN1B/UGT2A1/OR13D1/OR2T29/OR5P2/OR2T34/OR2T10/OR2G6/OR2T3/OR2T5/OR2A5/OR2A12/OR2A25/OR2T11,18
BP,GO:0008202,steroid metabolic process,34/783,259/12848,1.8627937752502372e-5,0.005633620603149646,0.0053124637515219175,SNAI2/DGAT2/ACACB/RDH8/VDR/BMP5/PRLR/SCAP/CAT/LDLR/CYP2E1/PDGFRA/CGA/CYP11A1/TM7SF2/BMP6/KIT/CYP3A4/CYP3A7/SOAT2/PCSK9/CEL/UGT2A1/APOF/CACNA1H/SULT1A2/CYP2B6/SLC22A24/HSD3B1/HSD3B2/MALRD1/UGT1A1/UGT1A7/UGT1A4,34
BP,GO:0030001,metal ion transport,42/783,353/12848,2.3412443334046014e-5,0.006608552338423388,0.006231817373055196,CAMK2B/ATP2B3/TRPC7/GNB5/TRPM5/ATP12A/CACNA1S/NOS1/CAPN3/CBARP/BDKRB1/CHRNA4/EPPIN/HTR2A/HOMER2/NCS1/CXCL12/TRPV5/FAM155B/NMUR2/LACRT/PLCZ1/STAC2/SLC25A25/SLC24A2/CACNA2D3/NIPAL1/KCNK5/SLC30A8/CCL19/GRAMD2A/TRDN/TPCN1/NPSR1/CACNA1H/WNK3/TRPV1/PLCG2/CACNA1E/PLPP4/STIMATE/STRIT1,42
BP,GO:0098659,inorganic cation import across plasma membrane,15/783,73/12848,2.7242406221829664e-5,0.006784961643719224,0.0063981700804582,WNK1/ATP12A/HCN2/SLC9A2/TRPV5/FAM155B/SLC24A2/KCNJ6/KCNJ9/WNK2/SLC9C1/SLC9A4/KCNJ11/WNK3/TRPV1,15
BP,GO:0099587,inorganic ion import across plasma membrane,15/783,73/12848,2.7242406221829664e-5,0.006784961643719224,0.0063981700804582,WNK1/ATP12A/HCN2/SLC9A2/TRPV5/FAM155B/SLC24A2/KCNJ6/KCNJ9/WNK2/SLC9C1/SLC9A4/KCNJ11/WNK3/TRPV1,15
BP,GO:0050906,detection of stimulus involved in sensory perception,19/783,112/12848,4.2708882832845767e-5,0.010046078328570499,0.009473379683332396,HTR2A/CXCL12/TULP1/KIT/AZGP1/RTP3/ADGRV1/OR13D1/OR2T29/OR5P2/OR2T34/OR2T10/OR2G6/OR2T3/OR2T5/OR2A5/OR2A12/OR2A25/OR2T11,19
BP,GO:0030193,regulation of blood coagulation,12/783,52/12848,5.1826473598892425e-5,0.010971664460885525,0.010346200755821,CEACAM1/F11/APOH/PLAT/VTN/ST3GAL4/KNG1/SERPINC1/PLG/F12/PDGFRA/GP1BA,12
BP,GO:0050911,detection of chemical stimulus involved in sensory perception of smell,12/783,52/12848,5.1826473598892425e-5,0.010971664460885525,0.010346200755821,OR13D1/OR2T29/OR5P2/OR2T34/OR2T10/OR2G6/OR2T3/OR2T5/OR2A5/OR2A12/OR2A25/OR2T11,12
BP,GO:1900046,regulation of hemostasis,12/783,53/12848,6.333044982245637e-5,0.012768624978489537,0.012040721612861004,CEACAM1/F11/APOH/PLAT/VTN/ST3GAL4/KNG1/SERPINC1/PLG/F12/PDGFRA/GP1BA,12
BP,GO:0050907,detection of chemical stimulus involved in sensory perception,14/783,71/12848,8.083113973784877e-5,0.015556320256820534,0.014669498230892843,AZGP1/RTP3/OR13D1/OR2T29/OR5P2/OR2T34/OR2T10/OR2G6/OR2T3/OR2T5/OR2A5/OR2A12/OR2A25/OR2T11,14
BP,GO:0050818,regulation of coagulation,12/783,55/12848,9.307221093391856e-5,0.016724929897079,0.015771488725261826,CEACAM1/F11/APOH/PLAT/VTN/ST3GAL4/KNG1/SERPINC1/PLG/F12/PDGFRA/GP1BA,12
BP,GO:0070588,calcium ion transmembrane transport,28/783,213/12848,9.73435824901664e-5,0.016724929897079,0.015771488725261826,ATP2B3/TRPC7/GNB5/TRPM5/CACNA1S/NOS1/CAPN3/CBARP/BDKRB1/HTR2A/NCS1/TRPV5/FAM155B/LACRT/STAC2/SLC25A25/SLC24A2/CACNA2D3/CCL19/TRDN/TPCN1/NPSR1/CACNA1H/TRPV1/PLCG2/CACNA1E/STIMATE/STRIT1,28
BP,GO:1901615,organic hydroxy compound metabolic process,48/783,449/12848,9.875371927892653e-5,0.016724929897079,0.015771488725261826,SNAI2/DGAT2/ACACB/RDH8/TYRP1/VDR/BMP5/SCAP/TTR/GOT1/CAT/DBH/MOGAT1/CITED1/SGPP1/LDLR/MAS1/CYP2E1/ACSS2/CGA/PLCZ1/DUOX2/CYP11A1/PNMT/PLCH2/TM7SF2/BMP6/KIT/CYP3A4/CYP3A7/NAPEPLD/MFSD12/IP6K3/MOGAT2/SOAT2/DEGS2/PCSK9/CEL/UGT2A1/APOF/CYP4F12/RTL4/CACNA1H/SULT1A2/PLCG2/MALRD1/DIO2/UGT1A4,48
BP,GO:0007608,sensory perception of smell,13/783,64/12848,1.0493607034740956e-4,0.01708843545580508,0.01611427185537346,UGT2A1/OR13D1/OR2T29/OR5P2/OR2T34/OR2T10/OR2G6/OR2T3/OR2T5/OR2A5/OR2A12/OR2A25/OR2T11,13
BP,GO:0006836,neurotransmitter transport,22/783,151/12848,1.1936411123304149e-4,0.018718060998544356,0.017650997033408434,BAIAP3/SYT7/SLC4A8/SLC6A16/CADPS2/NOS1/SYP/HTR2A/RAB3A/GRIK5/NCS1/CHRNB4/GAD1/UNC13C/SLC28A2/SLC22A3/SLC6A18/SLC22A1/NRXN1/SYN3/PCLO/ERC2,22
BP,GO:0030195,negative regulation of blood coagulation,10/783,41/12848,1.3267347195409352e-4,0.02006212429477257,0.018918439064732208,CEACAM1/F11/APOH/PLAT/VTN/KNG1/PLG/F12/PDGFRA/GP1BA,10
BP,GO:0019226,transmission of nerve impulse,11/783,49/12848,1.3828201462242766e-4,0.02008161350725302,0.018936817252072368,AVP/MAG/SCN2A/SCN7A/NTRK2/SCN3A/SCN11A/GPR88/CACNA1H/SCN8A/KCNMB2,11
BP,GO:0019228,neuronal action potential,8/783,27/12848,1.442004310472173e-4,0.02008161350725302,0.018936817252072368,SCN2A/SCN7A/SCN3A/SCN11A/GPR88/CACNA1H/SCN8A/KCNMB2,8
BP,GO:0015850,organic hydroxy compound transport,27/783,207/12848,1.4703118061522047e-4,0.02008161350725302,0.018936817252072368,SYT7/GRAMD1B/CEACAM1/SLCO1A2/NOS1/CHRNA4/OXT/HTR2A/RAB3A/CXCL12/APOC3/LDLR/ABCG8/SLC22A3/BMP6/SLC5A11/AQP7/AQP3/SOAT2/PCSK9/CEL/SLC22A1/GRAMD1C/ADIPOQ/PTCH1/SLC22A24/SLC10A5,27
BP,GO:1900047,negative regulation of hemostasis,10/783,42/12848,1.6474345058084669e-4,0.021797617804978277,0.020554996975432616,CEACAM1/F11/APOH/PLAT/VTN/KNG1/PLG/F12/PDGFRA/GP1BA,10
BP,GO:0086010,membrane depolarization during action potential,8/783,28/12848,1.911938265290676e-4,0.02437979419294061,0.02298997075648851,PTPN3/HCN2/SCN2A/SCN7A/SCN3A/SCN11A/CACNA1H/SCN8A,8
BP,GO:0050804,modulation of chemical synaptic transmission,34/783,291/12848,1.957753903070337e-4,0.02437979419294061,0.02298997075648851,BAIAP3/SYT7/SLC4A8/RASGRF1/CAMK2B/SYNGR1/OXT/SYP/HTR2A/ZDHHC2/RAB3A/GRIK5/NCS1/BCHE/DLGAP3/CHRNB4/DGKB/UNC13C/IGSF11/NTRK2/GRID2/CNTNAP4/SLC24A2/KIT/TPRG1L/CLSTN2/NPY5R/DLGAP1/CEL/NRXN1/ADIPOQ/SYN3/ERC2/ARC,34
BP,GO:0050819,negative regulation of coagulation,10/783,43/12848,2.0309601783923326e-4,0.02456881541518039,0.023168216410953738,CEACAM1/F11/APOH/PLAT/VTN/KNG1/PLG/F12/PDGFRA/GP1BA,10
BP,GO:0099177,regulation of trans-synaptic signaling,34/783,292/12848,2.0902267262518806e-4,0.024583388774862398,0.023181958984425096,BAIAP3/SYT7/SLC4A8/RASGRF1/CAMK2B/SYNGR1/OXT/SYP/HTR2A/ZDHHC2/RAB3A/GRIK5/NCS1/BCHE/DLGAP3/CHRNB4/DGKB/UNC13C/IGSF11/NTRK2/GRID2/CNTNAP4/SLC24A2/KIT/TPRG1L/CLSTN2/NPY5R/DLGAP1/CEL/NRXN1/ADIPOQ/SYN3/ERC2/ARC,34
BP,GO:0007597,"blood coagulation, intrinsic pathway",6/783,16/12848,2.3721871542393643e-4,0.027145514624458023,0.025598025251863187,F11/APOH/KNG1/SERPINC1/F12/GP1BA,6
BP,GO:0048168,regulation of neuronal synaptic plasticity,8/783,29/12848,2.500638679829283e-4,0.0275441889390982,0.025973972266116266,RASGRF1/CAMK2B/SYNGR1/SYP/ZDHHC2/RAB3A/KIT/ARC,8
BP,GO:0042391,regulation of membrane potential,34/783,295/12848,2.5371359674653514e-4,0.0275441889390982,0.025973972266116266,SLC4A8/PTPN3/GABRP/HCN2/CHRNA4/GRIK5/CHRNB4/GOT1/GRIA3/KCNH3/SCN2A/SCN7A/IGSF11/GABRB2/NTRK2/HTR3B/GRID2/KCNK13/SCN3A/KCNK5/STOX1/SCN11A/KCNH6/NRXN1/GPR88/HTR3E/TRDN/KCNJ11/CACNA1H/TRPV1/SCN8A/KCNMB2/CACNA1E/INSYN1,34
BP,GO:0062014,negative regulation of small molecule metabolic process,13/783,72/12848,3.608372070515101e-4,0.03732046106679138,0.03519292664056378,SLC4A1/SNAI2/DGAT2/ACACB/CEACAM1/APOC3/BMP5/SCAP/PFKFB1/ADIPOQ/PPARA/MALRD1/MIR204,13
BP,GO:0070509,calcium ion import,12/783,63/12848,3.613932224228735e-4,0.03732046106679138,0.03519292664056378,CACNA1S/EPPIN/CXCL12/TRPV5/FAM155B/SLC24A2/CACNA1H/WNK3/TRPV1/CACNA1E/PLPP4/STRIT1,12
BP,GO:0051480,regulation of cytosolic calcium ion concentration,29/783,243/12848,3.9713992397104797e-4,0.039628453840063436,0.03736934724296065,ATP2B3/TRPC7/NOS1/CAPN3/BDKRB1/AVP/OXT/HTR2A/NCS1/KNG1/GOT1/IAPP/TRPV5/FAM155B/NMUR2/PDGFRA/LACRT/PLCZ1/TMEM178A/SLC24A2/PTGER1/BDKRB2/CCL19/CCR9/TRDN/TPCN1/NPSR1/TRPV1/PLCG2,29
BP,GO:0050808,synapse organization,35/783,315/12848,4.154394991818202e-4,0.039628453840063436,0.03736934724296065,CAMK2B/CTNNA2/IGSF9/SIX4/OXT/ZDHHC2/RAB3A/CDH9/DLGAP3/PDZRN3/KIF1A/DGKB/UNC13C/IGF1R/CBLN2/GABRB2/ARHGAP39/NTRK2/GRID2/LGI2/CLSTN2/BSN/CEL/LINGO2/DOK7/LRRN1/ERBB4/NRXN1/ROBO2/PCLO/ERC2/WNT7B/PTPRT/ARC/ELFN1,35
BP,GO:0072376,protein activation cascade,7/783,24/12848,4.2118101625008376e-4,0.039628453840063436,0.03736934724296065,FBLN1/F11/APOH/KNG1/SERPINC1/F12/GP1BA,7
BP,GO:0072378,"blood coagulation, fibrin clot formation",7/783,24/12848,4.2118101625008376e-4,0.039628453840063436,0.03736934724296065,FBLN1/F11/APOH/KNG1/SERPINC1/F12/GP1BA,7
BP,GO:0021675,nerve development,10/783,48/12848,5.25456722210673e-4,0.04777414629798234,0.04505067670443453,PAX2/SIX4/GLI3/HOXB1/TFAP2A/GABRB2/RET/NRTN/ATOH7/PLXNA4,10
BP,GO:0003341,cilium movement,16/783,104/12848,5.303223608892701e-4,0.04777414629798234,0.04505067670443453,CAMSAP3/CFAP61/PLA2G3/EPPIN/JHY/SEMG2/TTLL9/TTC29/DNAAF1/CFAP70/CFAP221/SLC9C1/TPPP2/PRSS55/CFAP43/ODAD3,16
CC,GO:0034703,cation channel complex,28/804,135/13331,6.6294272637913175e-9,2.9832422687060927e-6,2.6796842834693327e-6,ABCC8/TRPC7/CACNA1S/NOS1/HCN2/GRIK5/GRIA3/DPP6/KCNC3/SCN2A/SCN7A/HTR3B/DLG2/SCN3A/CACNA2D3/KCNJ6/LRRC52/SCNN1G/SCN11A/SCNN1B/KCNG3/KCNG2/KCNB2/KCNJ11/CACNA1H/SCN8A/KCNMB2/CACNA1E,28
CC,GO:0034702,ion channel complex,33/804,189/13331,2.8119059887419608e-8,4.2591353373176985e-6,3.825749636327477e-6,ABCC8/TRPC7/CACNA1S/NOS1/GABRP/HCN2/CHRNA4/GRIK5/CHRNB4/GRIA3/DPP6/KCNC3/SCN2A/SCN7A/GABRB2/HTR3B/DLG2/GRID2/SCN3A/CACNA2D3/KCNJ6/LRRC52/SCNN1G/SCN11A/SCNN1B/KCNG3/KCNG2/KCNB2/KCNJ11/CACNA1H/SCN8A/KCNMB2/CACNA1E,33
CC,GO:1902495,transmembrane transporter complex,35/804,208/13331,2.839423558211799e-8,4.2591353373176985e-6,3.825749636327477e-6,ABCC8/TRPC7/ATP12A/CACNA1S/NOS1/GABRP/HCN2/CHRNA4/GRIK5/CHRNB4/GRIA3/DPP6/KCNC3/SCN2A/SCN7A/ABCG8/GABRB2/HTR3B/DLG2/GRID2/SCN3A/CACNA2D3/KCNJ6/LRRC52/SCNN1G/SCN11A/SCNN1B/KCNG3/KCNG2/KCNB2/KCNJ11/CACNA1H/SCN8A/KCNMB2/CACNA1E,35
CC,GO:1990351,transporter complex,35/804,220/13331,1.2016622437097193e-7,1.3518700241734343e-5,1.2143113199592956e-5,ABCC8/TRPC7/ATP12A/CACNA1S/NOS1/GABRP/HCN2/CHRNA4/GRIK5/CHRNB4/GRIA3/DPP6/KCNC3/SCN2A/SCN7A/ABCG8/GABRB2/HTR3B/DLG2/GRID2/SCN3A/CACNA2D3/KCNJ6/LRRC52/SCNN1G/SCN11A/SCNN1B/KCNG3/KCNG2/KCNB2/KCNJ11/CACNA1H/SCN8A/KCNMB2/CACNA1E,35
CC,GO:0034706,sodium channel complex,9/804,21/13331,1.536714067191208e-6,1.3830426604720874e-4,1.2423120037924717e-4,GRIK5/SCN2A/SCN7A/SCN3A/SCNN1G/SCN11A/SCNN1B/CACNA1H/SCN8A,9
CC,GO:0043235,receptor complex,40/804,306/13331,3.0298033953014073e-6,2.2723525464760555e-4,2.04113070841358e-4,INSRR/ROS1/CEACAM1/IL5RA/TYRO3/GABRP/CHRNA4/HTR2A/GRIK5/VDR/PRLR/CHRNB4/CNTFR/IL13RA2/ACVR1C/GRIA3/LDLR/PDGFRA/BMPR1B/PTPRQ/IGF1R/NTRK3/ABCG8/GABRB2/GFRA3/EPHA1/NTRK2/HTR3B/TM7SF2/DLG2/NR3C2/GRID2/KIT/ADGRV1/RET/MTNR1A/ARNT2/ERBB4/ITLN1/PLXNA4,40
CC,GO:0098797,plasma membrane protein complex,49/804,418/13331,5.69124672673845e-6,3.658658610046147e-4,3.286374049725662e-4,ABCC8/INSRR/CTNNA2/GNB5/CDH19/ATP12A/CEACAM1/CACNA1S/NOS1/HCN2/CHRNA4/GRIK5/C5/VTN/C7/CDH9/CHRNB4/GJA8/GJA3/CNTFR/ACVR1C/GRIA3/DPP6/KCNC3/SCN2A/SCN7A/BMPR1B/DUOX2/IGF1R/ABCG8/HTR3B/DLG2/GRID2/SCN3A/CACNA2D3/KCNJ6/LRRC52/RET/SCNN1G/SCN11A/SCNN1B/KCNG3/KCNG2/KCNB2/KCNJ11/CACNA1H/SCN8A/KCNMB2/CACNA1E,49
CC,GO:0032982,myosin filament,7/804,18/13331,5.001505984802417e-5,0.0027962462984148094,0.002511715973312952,MYOM2/MYH7/MYH1/MYH2/MYH8/MYBPH/MYH4,7
CC,GO:0034705,potassium channel complex,13/804,61/13331,5.592492596829619e-5,0.0027962462984148094,0.002511715973312952,ABCC8/HCN2/GRIK5/DPP6/KCNC3/DLG2/KCNJ6/LRRC52/KCNG3/KCNG2/KCNB2/KCNJ11/KCNMB2,13
CC,GO:0001518,voltage-gated sodium channel complex,6/804,14/13331,9.330627543213697e-5,0.004198782394446164,0.0037715378700990104,SCN2A/SCN7A/SCN3A/SCN11A/CACNA1H/SCN8A,6
CC,GO:0005859,muscle myosin complex,5/804,11/13331,2.6820115241796e-4,0.010971865326189273,0.009855429907033175,MYH7/MYH1/MYH2/MYH8/MYH4,5
CC,GO:0031012,extracellular matrix,44/804,448/13331,9.45928099147489e-4,0.032084845041474595,0.028820071335499985,COL9A2/FBLN1/COL19A1/APOH/ZP2/ATRNL1/CXCL12/VTN/TECTA/APOC3/COL9A1/KNG1/SERPINC1/PLG/F12/ENAM/ADAMTS8/MMP13/CILP/LUM/ADAMTS17/FBN3/DPT/AHSG/MMP3/ADAMTS13/AZGP1/NTN3/IHH/OTOGL/ADAMTS15/SOST/COL6A5/HPSE2/LINGO2/LRRN1/CPN2/ADIPOQ/CCBE1/MUC6/GP1BA/VIT/ELFN1/ELFN2,44
CC,GO:0030312,external encapsulating structure,44/804,449/13331,9.89730679367445e-4,0.032084845041474595,0.028820071335499985,COL9A2/FBLN1/COL19A1/APOH/ZP2/ATRNL1/CXCL12/VTN/TECTA/APOC3/COL9A1/KNG1/SERPINC1/PLG/F12/ENAM/ADAMTS8/MMP13/CILP/LUM/ADAMTS17/FBN3/DPT/AHSG/MMP3/ADAMTS13/AZGP1/NTN3/IHH/OTOGL/ADAMTS15/SOST/COL6A5/HPSE2/LINGO2/LRRN1/CPN2/ADIPOQ/CCBE1/MUC6/GP1BA/VIT/ELFN1/ELFN2,44
CC,GO:0042599,lamellar body,5/804,14/13331,9.981951790680984e-4,0.032084845041474595,0.028820071335499985,SFTPA1/KLK5/SFTPC/SFTPB/SFTPA2,5
CC,GO:0008076,voltage-gated potassium channel complex,10/804,53/13331,0.001099430522633745,0.032982915679012355,0.02962675934676198,HCN2/DPP6/KCNC3/DLG2/KCNJ6/LRRC52/KCNG3/KCNG2/KCNB2/KCNMB2,10
CC,GO:0098793,presynapse,37/804,365/13331,0.0013396580648030293,0.0376778830725852,0.033843993216076534,BAIAP3/SYT7/SLC4A8/ATP2B3/GNB5/CADPS2/CBARP/SYNGR1/OXT/SYP/HTR2A/RAB3A/GRIK5/NCS1/TULP1/CDH9/GOT1/GAD1/KIF1A/KCNC3/SCN2A/UNC13C/RAB15/SYPL2/SLC22A3/NTRK2/CNTNAP4/TPRG1L/BSN/LGI3/CEL/SLC22A1/ERBB4/NRXN1/SYN3/PCLO/ERC2,37
CC,GO:0016460,myosin II complex,5/804,15/13331,0.001423493643276064,0.03768071408671934,0.0338465361621058,MYH7/MYH1/MYH2/MYH8/MYH4,5
CC,GO:0045177,apical part of cell,35/804,342/13331,0.0015178978870681729,0.03794744717670432,0.034086127990302834,CEACAM1/SLC26A4/ABCC6/SLC52A3/HOMER2/CA2/CNTFR/TRPV5/LDLR/SLC14A2/CBLIF/DUOX2/RHCG/ABCG8/CPO/SHROOM2/CRB2/FRMD1/AQP5/SLC6A20/SLC6A18/SCNN1G/MYO5B/SCNN1B/GP2/SLC26A9/SLC22A1/UMODL1/SLC9A4/IGSF5/PTCH1/CYP4F12/INSC/AJAP1/TDGF1,35
CC,GO:0097060,synaptic membrane,28/804,257/13331,0.0017486058862241313,0.04141434993688732,0.037200258188923356,SYT7/SLC4A8/GABRP/CHRNA4/SYP/HTR2A/GRIK5/CDH9/CHRNB4/GRIA3/KCNC3/FAIM2/DGKB/SCN2A/UNC13C/GABRB2/TENM2/HTR3B/DLG2/GRID2/CNTNAP4/CLSTN2/ERBB4/NRXN1/ERC2/PTPRT/TRPV1/ARC,28
MF,GO:0015267,channel activity,57/770,294/13063,7.409422063756895e-16,3.108454553796901e-13,2.659689136003817e-13,ABCC8/TRPC7/TRPM5/CACNA1S/GABRP/HCN2/CHRNA4/GRIK5/NCS1/CHRNB4/GJA8/GJA3/GRIA3/TRPV5/FAM155B/KCNC3/NMUR2/KCNH3/SCN2A/SCN7A/SLC14A1/GABRB2/SHROOM2/SLC26A7/HTR3B/GRID2/KCNK13/SCN3A/SLC24A2/CACNA2D3/KCNJ6/AQP5/KCNJ9/LRRC52/KCNK5/AQP7/AQP3/SCNN1G/SCN11A/SCNN1B/KCNG3/SLC9C1/KCNH6/SLC26A9/KCNG2/KCNB2/HTR3E/TPCN1/KCNJ11/GPR89B/CACNA1H/TRPV1/SCN8A/KCNMB2/CACNA1E/CNGA1/ATP8,57
MF,GO:0022803,passive transmembrane transporter activity,57/770,295/13063,8.682833949153355e-16,3.108454553796901e-13,2.659689136003817e-13,ABCC8/TRPC7/TRPM5/CACNA1S/GABRP/HCN2/CHRNA4/GRIK5/NCS1/CHRNB4/GJA8/GJA3/GRIA3/TRPV5/FAM155B/KCNC3/NMUR2/KCNH3/SCN2A/SCN7A/SLC14A1/GABRB2/SHROOM2/SLC26A7/HTR3B/GRID2/KCNK13/SCN3A/SLC24A2/CACNA2D3/KCNJ6/AQP5/KCNJ9/LRRC52/KCNK5/AQP7/AQP3/SCNN1G/SCN11A/SCNN1B/KCNG3/SLC9C1/KCNH6/SLC26A9/KCNG2/KCNB2/HTR3E/TPCN1/KCNJ11/GPR89B/CACNA1H/TRPV1/SCN8A/KCNMB2/CACNA1E/CNGA1/ATP8,57
MF,GO:0022836,gated channel activity,44/770,206/13063,4.598364636952645e-14,1.0974763600193646e-11,9.39034462704014e-12,ABCC8/TRPM5/CACNA1S/GABRP/HCN2/CHRNA4/GRIK5/NCS1/CHRNB4/GRIA3/FAM155B/KCNC3/NMUR2/KCNH3/SCN2A/SCN7A/GABRB2/SHROOM2/HTR3B/GRID2/KCNK13/SCN3A/CACNA2D3/KCNJ6/KCNJ9/LRRC52/KCNK5/SCNN1G/SCN11A/SCNN1B/KCNG3/KCNH6/KCNG2/KCNB2/HTR3E/TPCN1/KCNJ11/GPR89B/CACNA1H/TRPV1/SCN8A/KCNMB2/CACNA1E/CNGA1,44
MF,GO:0005216,ion channel activity,51/770,269/13063,6.621608422670623e-14,1.1852679076580417e-11,1.0141516057879745e-11,ABCC8/TRPC7/TRPM5/CACNA1S/GABRP/HCN2/CHRNA4/GRIK5/NCS1/CHRNB4/GRIA3/TRPV5/FAM155B/KCNC3/NMUR2/KCNH3/SCN2A/SCN7A/GABRB2/SHROOM2/SLC26A7/HTR3B/GRID2/KCNK13/SCN3A/SLC24A2/CACNA2D3/KCNJ6/KCNJ9/LRRC52/KCNK5/SCNN1G/SCN11A/SCNN1B/KCNG3/SLC9C1/KCNH6/SLC26A9/KCNG2/KCNB2/HTR3E/TPCN1/KCNJ11/GPR89B/CACNA1H/TRPV1/SCN8A/KCNMB2/CACNA1E/CNGA1/ATP8,51
MF,GO:0005261,cation channel activity,43/770,201/13063,8.479086743323762e-14,1.2142052216439627e-11,1.0389112599188273e-11,ABCC8/TRPC7/TRPM5/CACNA1S/HCN2/CHRNA4/GRIK5/NCS1/CHRNB4/GRIA3/TRPV5/FAM155B/KCNC3/KCNH3/SCN2A/SCN7A/SHROOM2/HTR3B/KCNK13/SCN3A/SLC24A2/CACNA2D3/KCNJ6/KCNJ9/LRRC52/KCNK5/SCNN1G/SCN11A/SCNN1B/KCNG3/KCNH6/KCNG2/KCNB2/HTR3E/TPCN1/KCNJ11/CACNA1H/TRPV1/SCN8A/KCNMB2/CACNA1E/CNGA1/ATP8,43
MF,GO:0046873,metal ion transmembrane transporter activity,50/770,275/13063,6.275922015288364e-13,7.489266938244114e-11,6.408046689294435e-11,ABCC8/SLC4A8/ATP2B3/TRPC7/TRPM5/ATP12A/CACNA1S/HCN2/GRIK5/NCS1/SLC9A2/TRPV5/FAM155B/KCNC3/KCNH3/SCN2A/SCN7A/SLC28A2/SLC22A3/SHROOM2/KCNK13/SCN3A/SLC24A2/CACNA2D3/KCNJ6/SLC5A11/KCNJ9/LRRC52/NIPAL1/SLC6A20/KCNK5/SLC30A8/SCNN1G/SCN11A/SCNN1B/KCNG3/SLC9C1/KCNH6/SLC22A1/KCNG2/SLC9A4/KCNB2/TPCN1/KCNJ11/CACNA1H/TRPV1/SCN8A/KCNMB2/CACNA1E/SLC10A5,50
MF,GO:0022890,inorganic cation transmembrane transporter activity,60/770,390/13063,5.459361685704138e-12,5.584147095663089e-10,4.777967670796704e-10,ABCC8/SLC4A8/ATP2B3/TRPC7/TRPM5/ATP12A/CACNA1S/HCN2/CHRNA4/GRIK5/NCS1/SLC9A2/CHRNB4/GRIA3/TRPV5/FAM155B/KCNC3/KCNH3/SCN2A/SCN7A/SLC28A2/RHCG/SLC22A3/SHROOM2/HTR3B/ATP6V1G3/KCNK13/SCN3A/SLC24A2/CACNA2D3/KCNJ6/SLC5A11/KCNJ9/LRRC52/NIPAL1/SLC6A20/KCNK5/SLC30A8/SCNN1G/MFSD3/SCN11A/SCNN1B/KCNG3/SLC9C1/KCNH6/SLC22A1/KCNG2/SLC9A4/KCNB2/HTR3E/TPCN1/KCNJ11/CACNA1H/TRPV1/SCN8A/KCNMB2/CACNA1E/CNGA1/ATP8/SLC10A5,60
MF,GO:0008324,cation transmembrane transporter activity,61/770,431/13063,1.2648257815911725e-10,1.1320190745240994e-8,9.685902695869242e-9,ABCC8/SLC4A8/ATP2B3/TRPC7/TRPM5/ATP12A/CACNA1S/HCN2/CHRNA4/GRIK5/NCS1/SLC9A2/CHRNB4/GRIA3/TRPV5/FAM155B/KCNC3/KCNH3/SCN2A/SCN7A/SLC28A2/RHCG/SLC25A48/SLC22A3/SHROOM2/HTR3B/ATP6V1G3/KCNK13/SCN3A/SLC24A2/CACNA2D3/KCNJ6/SLC5A11/KCNJ9/LRRC52/NIPAL1/SLC6A20/KCNK5/SLC30A8/SCNN1G/MFSD3/SCN11A/SCNN1B/KCNG3/SLC9C1/KCNH6/SLC22A1/KCNG2/SLC9A4/KCNB2/HTR3E/TPCN1/KCNJ11/CACNA1H/TRPV1/SCN8A/KCNMB2/CACNA1E/CNGA1/ATP8/SLC10A5,61
MF,GO:0005244,voltage-gated ion channel activity,27/770,116/13063,5.075360554976353e-10,3.633958157363068e-8,3.109326150522355e-8,ABCC8/TRPM5/CACNA1S/HCN2/NCS1/KCNC3/KCNH3/SCN2A/SCN7A/KCNK13/SCN3A/CACNA2D3/KCNJ6/KCNJ9/LRRC52/KCNK5/SCN11A/KCNG3/KCNH6/KCNG2/KCNB2/TPCN1/KCNJ11/GPR89B/CACNA1H/SCN8A/CACNA1E,27
MF,GO:0022832,voltage-gated channel activity,27/770,116/13063,5.075360554976353e-10,3.633958157363068e-8,3.109326150522355e-8,ABCC8/TRPM5/CACNA1S/HCN2/NCS1/KCNC3/KCNH3/SCN2A/SCN7A/KCNK13/SCN3A/CACNA2D3/KCNJ6/KCNJ9/LRRC52/KCNK5/SCN11A/KCNG3/KCNH6/KCNG2/KCNB2/TPCN1/KCNJ11/GPR89B/CACNA1H/SCN8A/CACNA1E,27
MF,GO:0015081,sodium ion transmembrane transporter activity,24/770,102/13063,3.6951053412277213e-9,2.4051776584718624e-7,2.0579438359756307e-7,SLC4A8/ATP12A/HCN2/GRIK5/SLC9A2/SCN2A/SCN7A/SLC28A2/SLC22A3/SHROOM2/SCN3A/SLC24A2/SLC5A11/SLC6A20/SCNN1G/SCN11A/SCNN1B/SLC9C1/SLC22A1/SLC9A4/TPCN1/CACNA1H/SCN8A/SLC10A5,24
MF,GO:0015276,ligand-gated ion channel activity,21/770,82/13063,6.905861252532337e-9,3.803535889856272e-7,3.2544220639464127e-7,ABCC8/TRPM5/GABRP/HCN2/CHRNA4/GRIK5/CHRNB4/GRIA3/GABRB2/SHROOM2/HTR3B/GRID2/KCNJ6/KCNJ9/SCNN1G/SCNN1B/HTR3E/TPCN1/KCNJ11/TRPV1/CNGA1,21
MF,GO:0022834,ligand-gated channel activity,21/770,82/13063,6.905861252532337e-9,3.803535889856272e-7,3.2544220639464127e-7,ABCC8/TRPM5/GABRP/HCN2/CHRNA4/GRIK5/CHRNB4/GRIA3/GABRB2/SHROOM2/HTR3B/GRID2/KCNJ6/KCNJ9/SCNN1G/SCNN1B/HTR3E/TPCN1/KCNJ11/TRPV1/CNGA1,21
MF,GO:0099094,ligand-gated cation channel activity,18/770,66/13063,2.8444292333675253e-8,1.45472237935082e-6,1.244705123172857e-6,ABCC8/TRPM5/HCN2/CHRNA4/GRIK5/CHRNB4/GRIA3/SHROOM2/HTR3B/KCNJ6/KCNJ9/SCNN1G/SCNN1B/HTR3E/TPCN1/KCNJ11/TRPV1/CNGA1,18
MF,GO:0005272,sodium channel activity,12/770,29/13063,3.3067315361168415e-8,1.5784131865731056e-6,1.3505387747508785e-6,HCN2/GRIK5/SCN2A/SCN7A/SHROOM2/SCN3A/SCNN1G/SCN11A/SCNN1B/TPCN1/CACNA1H/SCN8A,12
MF,GO:0015079,potassium ion transmembrane transporter activity,21/770,91/13063,5.022465213788202e-8,2.24755318317022e-6,1.9230754963320614e-6,ABCC8/ATP12A/HCN2/GRIK5/SLC9A2/KCNC3/KCNH3/KCNK13/SLC24A2/KCNJ6/KCNJ9/LRRC52/KCNK5/KCNG3/SLC9C1/KCNH6/KCNG2/SLC9A4/KCNB2/KCNJ11/KCNMB2,21
MF,GO:0022843,voltage-gated cation channel activity,18/770,74/13063,1.930908346811724e-7,8.13253162539526e-6,6.958443701823056e-6,ABCC8/CACNA1S/HCN2/NCS1/KCNC3/KCNH3/CACNA2D3/KCNJ6/KCNJ9/LRRC52/KCNG3/KCNH6/KCNG2/KCNB2/TPCN1/KCNJ11/CACNA1H/CACNA1E,18
MF,GO:0030545,receptor regulator activity,41/770,317/13063,1.6731890776512123e-6,6.655574331101489e-5,5.6947137028830735e-5,SEMA3G/FGF22/WNT8B/IL11/AVP/OXT/C5/CXCL12/CSF3/ENDOU/BMP5/TTR/IAPP/PYY/CGA/LACRT/SEMA6D/SEMA6C/IL9/CER1/BMP6/WNT9B/FNDC5/IGF2/PCSK9/NRTN/CCL11/CCL19/BTC/GREM2/ADIPOQ/TNFSF15/TAFA1/FAM3B/GDF3/COLEC10/WNT7B/TDGF1/CORT/MTRNR2L8/MTRNR2L1,41
MF,GO:0005267,potassium channel activity,16/770,71/13063,2.7422623152494624e-6,1.0333999040624289e-4,8.842086800416549e-5,ABCC8/HCN2/GRIK5/KCNC3/KCNH3/KCNK13/KCNJ6/KCNJ9/LRRC52/KCNK5/KCNG3/KCNH6/KCNG2/KCNB2/KCNJ11/KCNMB2,16
MF,GO:0048018,receptor ligand activity,38/770,291/13063,3.181036229907408e-6,1.1388109703068519e-4,9.744016241084797e-5,SEMA3G/FGF22/WNT8B/IL11/AVP/OXT/C5/CXCL12/CSF3/ENDOU/BMP5/TTR/IAPP/PYY/CGA/LACRT/SEMA6D/SEMA6C/IL9/CER1/BMP6/WNT9B/FNDC5/IGF2/NRTN/CCL11/CCL19/BTC/GREM2/ADIPOQ/TNFSF15/TAFA1/FAM3B/GDF3/COLEC10/WNT7B/TDGF1/CORT,38
MF,GO:0030546,signaling receptor activator activity,38/770,296/13063,4.790272011859181e-6,1.63325464785294e-4,1.3974628124822274e-4,SEMA3G/FGF22/WNT8B/IL11/AVP/OXT/C5/CXCL12/CSF3/ENDOU/BMP5/TTR/IAPP/PYY/CGA/LACRT/SEMA6D/SEMA6C/IL9/CER1/BMP6/WNT9B/FNDC5/IGF2/NRTN/CCL11/CCL19/BTC/GREM2/ADIPOQ/TNFSF15/TAFA1/FAM3B/GDF3/COLEC10/WNT7B/TDGF1/CORT,38
MF,GO:0005248,voltage-gated sodium channel activity,8/770,19/13063,5.934687960182016e-6,1.9314711724956017e-4,1.6526260252755663e-4,HCN2/SCN2A/SCN7A/SCN3A/SCN11A/TPCN1/CACNA1H/SCN8A,8
MF,GO:0004930,G protein-coupled receptor activity,38/770,304/13063,8.989484413709838e-6,2.7984655827027147e-4,2.3944530566494853e-4,BDKRB1/HTR2A/GHRHR/SORCS1/MAS1/NMUR2/LGR5/TAAR6/ADGRG5/PTGER1/OXER1/NPY5R/ADGRV1/GPR182/BDKRB2/MTNR1A/MRGPRF/ADGRF3/CCR9/GPRC6A/OR13D1/GPR88/OR2T29/OR5P2/OR2T34/OR2T10/GP1BA/NPSR1/OR2G6/OR2T3/ADGRA1/RORB/OR2T5/OR2A5/OR2A12/OR2A25/TAAR9/OR2T11,38
MF,GO:0022804,active transmembrane transporter activity,30/770,220/13063,1.4698152328147275e-5,4.38494877789727e-4,3.7518967785007517e-4,SLC4A1/ABCC8/SLC4A8/SLC6A16/ATP12A/SLCO1A2/SLC26A4/ABCC6/SLC9A2/SLC46A2/SLC28A2/ABCG8/SLC22A3/SLC26A7/SLC22A9/ABCA9/ABCA6/SLC24A2/SLC5A11/MFSD12/SLC6A20/SLC6A18/MFSD3/SLC9C1/SLC16A13/SLC26A9/SLC22A1/ABCA13/SLC9A4/SLC10A5,30
MF,GO:0005249,voltage-gated potassium channel activity,12/770,51/13063,3.0410909949755748e-5,8.709684609610047e-4,7.45227351189804e-4,ABCC8/HCN2/KCNC3/KCNH3/KCNJ6/KCNJ9/LRRC52/KCNG3/KCNH6/KCNG2/KCNB2/KCNJ11,12
MF,GO:0019199,transmembrane receptor protein kinase activity,13/770,60/13063,3.664474269050677e-5,9.912709020247596e-4,0.00084816181267040585,INSRR/ROS1/TYRO3/ACVR1C/PDGFRA/BMPR1B/IGF1R/NTRK3/EPHA1/NTRK2/KIT/RET/ERBB4,13
MF,GO:0004984,olfactory receptor activity,12/770,52/13063,3.744099618487635e-5,9.912709020247596e-4,0.00084816181267040585,OR13D1/OR2T29/OR5P2/OR2T34/OR2T10/OR2G6/OR2T3/OR2T5/OR2A5/OR2A12/OR2A25/OR2T11,12
MF,GO:0005230,extracellular ligand-gated ion channel activity,10/770,37/13063,3.8764783878063226e-5,9.912709020247596e-4,0.00084816181267040585,GABRP/CHRNA4/GRIK5/CHRNB4/GRIA3/GABRB2/HTR3B/GRID2/HTR3E/TRPV1,10
MF,GO:0004714,transmembrane receptor protein tyrosine kinase activity,11/770,47/13063,6.849579332016615e-5,0.0016911375178358264,0.0014469891728615862,INSRR/ROS1/TYRO3/PDGFRA/IGF1R/NTRK3/EPHA1/NTRK2/KIT/RET/ERBB4,11
MF,GO:0005496,steroid binding,15/770,85/13063,1.1786561045023098e-4,0.0028130592360788463,0.002406939834457348,GRAMD1B/SYP/APOC3/VDR/SCAP/ESRRB/PMP2/NR3C2/CYP3A4/SOAT2/APOF/GRAMD1C/PTCH1/APOD/UGT1A1,15
MF,GO:0015291,secondary active transmembrane transporter activity,23/770,167/13063,1.225400766000842e-4,0.002830280478892267,0.0024216748584464853,SLC4A1/SLC4A8/SLC6A16/SLCO1A2/SLC26A4/SLC9A2/SLC46A2/SLC28A2/SLC22A3/SLC26A7/SLC22A9/SLC24A2/SLC5A11/MFSD12/SLC6A20/SLC6A18/MFSD3/SLC9C1/SLC16A13/SLC26A9/SLC22A1/SLC9A4/SLC10A5,23
MF,GO:0008509,anion transmembrane transporter activity,38/770,348/13063,1.749871040637988e-4,0.003915336453427498,0.003350082058063516,SLC4A1/SLC4A8/CEACAM1/SLCO1A2/SLC26A4/ABCC6/GABRP/SLC52A3/SLC9A2/SLC14A2/NMUR2/SLC2A11/ADAMTS8/SLC28A2/SLC14A1/SLC25A48/GABRB2/SLC22A3/SLC26A7/SLC25A25/SLC22A9/SLC24A2/SLC5A11/AZGP1/SLC6A20/SLC6A18/SLC7A13/AQP7/AQP3/SLC43A2/SLC9C1/SLC16A13/SLC26A9/SLC22A1/C1orf194/SLC9A4/GPR89B/SLC10A5,38
MF,GO:0008236,serine-type peptidase activity,19/770,129/13063,1.9346167608952526e-4,0.00406971160441231,0.003482170176077572,PRSS22/F11/PLAT/HGFAC/ENDOU/PLG/DPP6/F12/RHBDL3/KLK3/MMP3/KLK1/KLK5/PCSK9/KLK15/PRSS42P/PRSS55/PRSS48/LPA,19
MF,GO:0022824,transmitter-gated ion channel activity,8/770,29/13063,1.9893841641680288e-4,0.00406971160441231,0.003482170176077572,CHRNA4/GRIK5/CHRNB4/GRIA3/GABRB2/HTR3B/GRID2/HTR3E,8
MF,GO:0022835,transmitter-gated channel activity,8/770,29/13063,1.9893841641680288e-4,0.00406971160441231,0.003482170176077572,CHRNA4/GRIK5/CHRNB4/GRIA3/GABRB2/HTR3B/GRID2/HTR3E,8
MF,GO:0017171,serine hydrolase activity,19/770,130/13063,2.1435809053845292e-4,0.004263344245153675,0.0036478482074087603,PRSS22/F11/PLAT/HGFAC/ENDOU/PLG/DPP6/F12/RHBDL3/KLK3/MMP3/KLK1/KLK5/PCSK9/KLK15/PRSS42P/PRSS55/PRSS48/LPA,19
MF,GO:0004252,serine-type endopeptidase activity,17/770,115/13063,3.955798441343175e-4,0.007655004551355981,0.006549856878696238,PRSS22/F11/PLAT/HGFAC/PLG/F12/RHBDL3/KLK3/MMP3/KLK1/KLK5/PCSK9/KLK15/PRSS42P/PRSS55/PRSS48/LPA,17
MF,GO:0005262,calcium channel activity,12/770,68/13063,5.54954473563898e-4,0.010456510607151342,0.00894691145745675,TRPC7/TRPM5/CACNA1S/NCS1/TRPV5/FAM155B/SLC24A2/CACNA2D3/TPCN1/CACNA1H/TRPV1/CACNA1E,12
MF,GO:0030594,neurotransmitter receptor activity,10/770,50/13063,5.700287055047711e-4,0.01046514238824144,0.008954297074325959,GABRP/CHRNA4/HTR2A/GRIK5/CHRNB4/GRIA3/GABRB2/HTR3B/GRID2/HTR3E,10
MF,GO:0022853,active ion transmembrane transporter activity,20/770,152/13063,6.05936712078574e-4,0.010846267146206474,0.009280399116571842,SLC4A1/SLC4A8/ATP12A/SLCO1A2/SLC26A4/ABCC6/SLC9A2/SLC28A2/SLC22A3/SLC26A7/SLC22A9/SLC24A2/SLC5A11/SLC6A20/MFSD3/SLC9C1/SLC26A9/SLC22A1/SLC9A4/SLC10A5,20
MF,GO:0015085,calcium ion transmembrane transporter activity,13/770,80/13063,7.522882222576221e-4,0.013137521149669694,0.011240866376224288,ATP2B3/TRPC7/TRPM5/CACNA1S/NCS1/TRPV5/FAM155B/SLC24A2/CACNA2D3/TPCN1/CACNA1H/TRPV1/CACNA1E,13
MF,GO:1901618,organic hydroxy compound transmembrane transporter activity,8/770,36/13063,9.721077694149452e-4,0.016572122926216685,0.014179617087706719,CEACAM1/SLCO1A2/SLC22A3/SLC5A11/AQP7/AQP3/SLC22A1/SLC10A5,8
MF,GO:0032934,sterol binding,10/770,54/13063,0.0010731352814802066,0.017868950268368093,0.015289222370170873,GRAMD1B/SYP/APOC3/SCAP/PMP2/SOAT2/APOF/GRAMD1C/PTCH1/APOD,10
MF,GO:0150100,RNA binding involved in posttranscriptional gene silencing,8/770,37/13063,0.0011771984356545968,0.018730535109526474,0.01602642080820995,MIRLET7C/MIR30C2/MIR200A/MIR218-1/MIR188/MIR135A1/MIR204/MIR138-1,8
MF,GO:1903231,mRNA binding involved in posttranscriptional gene silencing,8/770,37/13063,0.0011771984356545968,0.018730535109526474,0.01602642080820995,MIRLET7C/MIR30C2/MIR200A/MIR218-1/MIR188/MIR135A1/MIR204/MIR138-1,8
MF,GO:0015485,cholesterol binding,9/770,46/13063,0.0012581347839974563,0.01955969419099287,0.016735874770887754,GRAMD1B/SYP/APOC3/PMP2/SOAT2/APOF/GRAMD1C/PTCH1/APOD,9
MF,GO:0015106,bicarbonate transmembrane transporter activity,5/770,15/13063,0.00128394640639199,0.01955969419099287,0.016735874770887754,SLC4A1/SLC4A8/SLC26A4/SLC26A7/SLC26A9,5
MF,GO:0005201,extracellular matrix structural constituent,18/770,140/13063,0.001456871815001529,0.02173167124043947,0.018594285007256354,COL9A2/FBLN1/COL19A1/ZP2/VTN/TECTA/COL9A1/ENAM/CILP/LUM/FBN3/DPT/GP2/ZPLD1/COL6A5/UMODL1/ADIPOQ/MUC6,18
MF,GO:0005125,cytokine activity,18/770,141/13063,0.0015806681876286573,0.023097110660043236,0.019762596889363666,WNT8B/IL11/C5/CXCL12/CSF3/BMP5/IL9/CER1/BMP6/WNT9B/CCL11/CCL19/GREM2/ADIPOQ/TNFSF15/FAM3B/GDF3/WNT7B,18
MF,GO:0005245,voltage-gated calcium channel activity,6/770,23/13063,0.0017470490072580627,0.025017741783935458,0.02140594783629879,CACNA1S/NCS1/CACNA2D3/TPCN1/CACNA1H/CACNA1E,6
MF,GO:0015297,antiporter activity,10/770,58/13063,0.0018918980126554485,0.026560764256103944,0.022726205229421488,SLC4A1/SLC4A8/SLC26A4/SLC9A2/SLC26A7/SLC22A9/SLC24A2/SLC9C1/SLC26A9/SLC9A4,10
MF,GO:0015293,symporter activity,14/770,99/13063,0.0019344720619281872,0.026636192237318886,0.02279074372555071,SLC4A8/SLC6A16/SLC46A2/SLC28A2/SLC22A3/SLC24A2/SLC5A11/MFSD12/SLC6A20/SLC6A18/MFSD3/SLC16A13/SLC22A1/SLC10A5,14
MF,GO:0005179,hormone activity,10/770,60/13063,0.002458518711070623,0.03321319617219936,0.02841823018556311,AVP/OXT/TTR/IAPP/PYY/CGA/FNDC5/IGF2/ADIPOQ/CORT,10
MF,GO:0003774,motor activity,14/770,102/13063,0.0025722815481782684,0.033547772193830996,0.02870450370010238,MYO16/MYH7/MYH1/MYH2/KIF1A/MYH8/MYO18B/KIF23/KIF5A/KIF6/MYO5B/GPR88/DNAH10/MYH4,14
MF,GO:0031406,carboxylic acid binding,19/770,159/13063,0.0025769936741071296,0.033547772193830996,0.02870450370010238,ACACB/AFM/AFP/NOS1/MAG/FOLR3/VDR/GOT1/DBH/GAD1/PMP2/NAPEPLD/NAGS/OXER1/ALB/SHMT1/ADIPOQ/UGT1A1/UGT1A7,19
MF,GO:0015301,anion:anion antiporter activity,6/770,25/13063,0.0027710391940163007,0.034208001084752956,0.029269415806124993,SLC4A1/SLC4A8/SLC26A4/SLC26A7/SLC22A9/SLC26A9,6
MF,GO:0140323,solute:anion antiporter activity,6/770,25/13063,0.0027710391940163007,0.034208001084752956,0.029269415806124993,SLC4A1/SLC4A8/SLC26A4/SLC26A7/SLC22A9/SLC26A9,6
MF,GO:1904315,transmitter-gated ion channel activity involved in regulation of postsynaptic membrane potential,6/770,25/13063,0.0027710391940163007,0.034208001084752956,0.029269415806124993,CHRNA4/GRIK5/CHRNB4/GRIA3/GABRB2/GRID2,6
MF,GO:0005326,neurotransmitter transmembrane transporter activity,4/770,11/13063,0.0028308219393903,0.03435370353565178,0.02939408329572087,SLC6A16/SLC28A2/SLC22A3/SLC22A1,4
MF,GO:0016411,acylglycerol O-acyltransferase activity,5/770,18/13063,0.0031604358300577327,0.037714534238688945,0.03226971321216843,DGAT2/PNPLA3/MOGAT1/MBOAT2/MOGAT2,5
MF,GO:0033293,monocarboxylic acid binding,10/770,63/13063,0.0035555647804371188,0.041734170209720936,0.035709037139161404,ACACB/AFM/AFP/VDR/PMP2/NAPEPLD/OXER1/ALB/UGT1A1/UGT1A7,10
MF,GO:0030414,peptidase inhibitor activity,17/770,142/13063,0.0041471541279849145,0.04760250038856977,0.0407301605794584,FETUB/SERPINA4/AVP/EPPIN/C5/KNG1/SERPINC1/AHSG/CRB2/CPAMD8/PI16/SERPINB7/C3P1/CST5/CST9/UMODL1/LPA,17
MF,GO:0015020,glucuronosyltransferase activity,6/770,27/13063,0.0041884881626814184,0.04760250038856977,0.0407301605794584,B3GAT1/UGT3A2/UGT2A1/UGT1A1/UGT1A7/UGT1A4,6
